company_url,competitor_url_1,competitor_url_2,competitor_url_3
https://www.axismaxlife.com/term-insurance-plans/2-crore-term-insurance,https://www.hdfclife.com/health-insurance-plans,https://www.iciciprulife.com/health-insurance/family-health-insurance.html,https://www.policybazaar.com/health-insurance/family-health-insurance-plan/
https://www.axismaxlife.com/,https://www.hdfclife.com/,https://www.iciciprulife.com/life-insurance.html,https://www.policybazaar.com/life-insurance/
https://www.axismaxlife.com/term-insurance-plans,https://www.hdfclife.com/health-insurance-plans/easy-health,https://www.iciciprulife.com/life-insurance/life-insurance-tips.html,https://www.policybazaar.com/health-insurance/family-floater-health-insurance/articles/top-family-health-insurance-policies-in-india/
https://www.axismaxlife.com/health-insurance-plans,https://www.hdfclife.com/term-insurance-plans,https://www.iciciprulife.com/term-insurance.html,https://www.policybazaar.com/life-insurance/term-insurance/
https://www.axismaxlife.com/insurance-calculators/home-loan-insurance-calculator,https://www.hdfclife.com/health-insurance-plans/critical-illness-insurance,https://www.iciciprulife.com/health-insurance/what-is-critical-illness-insurance.html,https://www.policybazaar.com/life-insurance/term-insurance/best-term-insurance-plans-in-india/
https://www.axismaxlife.com/blog/term-insurance/why-medical-test-important-term-insurance,https://www.hdfclife.com/insurance-knowledge-centre/about-life-insurance/what-is-insurance,https://www.iciciprulife.com/insurance.html,https://www.policybazaar.com/health-insurance/critical-illness-insurance/
https://www.axismaxlife.com/health-insurance-plans/mediclaim-policy-for-family,https://www.hdfclife.com/insurance-knowledge-centre/secure-your-health/difference-health-mediclaim-plan,https://www.iciciprulife.com/health-insurance.html,https://www.policybazaar.com/life-insurance/what-is-insurance/
https://www.axismaxlife.com/health-insurance-plans/maternity-health-insurance,https://www.hdfclife.com/life-insurance-plans/home-loan-insurance,https://www.iciciprulife.com/health-insurance/what-is-health-insurance.html,https://www.policybazaar.com/health-insurance/articles/difference-between-health-insurance-and-mediclaim/
https://www.axismaxlife.com/blog/term-insurance/benefits-of-term-insurance,https://www.hdfclife.com/health-insurance-plans/benefits-of-health-insurance,https://www.iciciprulife.com/health-insurance/types-of-health-insurance.html,https://www.policybazaar.com/health-insurance/health-insurance-india/
https://www.axismaxlife.com/term-insurance-plans/term-insurance-for-housewife,https://www.hdfclife.com/insurance-knowledge-centre/about-life-insurance/type-of-life-insurance,https://www.iciciprulife.com/insurance-guide/financial-planning-tools-calculators/iprotect-home-loan-insurance-calculator.html,https://www.policybazaar.com/term-insurance/home-loan-insurance-calculator/
https://www.axismaxlife.com/term-insurance-plans/term-insurance-for-self-employed,https://www.hdfclife.com/klarifylife/term-insurance/explorer/types-of-medical-test-you-need-to-do-before-buying-term-insurance,https://www.iciciprulife.com/health-insurance/importance-of-health-insurance.html,https://www.policybazaar.com/health-insurance/articles/benefits-of-health-insurance/
https://www.axismaxlife.com/term-insurance-plans/term-plan-with-return-of-premium,https://www.hdfclife.com/health-insurance-plans/difference-between-health-insurance-and-mediclaim,https://www.iciciprulife.com/term-insurance-plans/iprotect-smart-term-insurance-calculator.html,https://www.policybazaar.com/
https://www.axismaxlife.com/blog/term-insurance/term-insurance-for-all-age-groups,https://www.hdfclife.com/life-insurance-plans/features-of-life-insurance,https://www.iciciprulife.com/term-insurance/medical-test-for-term-insurance.html,https://www.policybazaar.com/term-insurance/articles/list-of-medical-tests-required-for-term-insurance/
https://www.axismaxlife.com/blog/health-insurance/what-is-waiting-period-in-health-insurance,https://www.hdfclife.com/insurance-knowledge-centre/term-insurance/what-is-age-limit-to-buy-term-insurance-policy,https://www.iciciprulife.com/insurance-library/insurance-basics/what-is-life-insurance.html,https://www.policybazaar.com/health-insurance/mediclaim-insurance/
https://www.axismaxlife.com/term-insurance-plans/premium-calculator,https://www.hdfclife.com/term-insurance-plans/benefits-of-term-insurance,https://www.iciciprulife.com/term-insurance/term-insurance-age-limit.html,https://www.policybazaar.com/corporate-insurance/articles/principles-of-marine-insurance/
https://www.axismaxlife.com/term-insurance-plans/claim-settlement-ratio,https://www.hdfclife.com/term-insurance-plans/term-insurance-for-heart-patients,https://www.iciciprulife.com/term-insurance/term-insurance-benefits.html,https://www.policybazaar.com/life-insurance/articles/understanding-the-basics-of-life-insurance/
https://www.axismaxlife.com/blog/term-insurance/term-insurance-comparison,https://www.hdfclife.com/term-insurance-plans/term-insurance-for-housewife,https://www.iciciprulife.com/health-insurance/heart-insurance.html,https://www.policybazaar.com/term-insurance/articles/at-what-age-can-you-no-longer-get-term-life-insurance/
https://www.axismaxlife.com/health-insurance-plans/benefits-of-health-insurance,https://www.hdfclife.com/term-insurance-plans/term-insurance-for-self-employed,https://www.iciciprulife.com/term-insurance/term-insurance-for-housewife.html,https://www.policybazaar.com/term-insurance/does-term-insurance-cover-heart-attack/
https://www.axismaxlife.com/term-insurance-plans/critical-illness,https://www.hdfclife.com/insurance-knowledge-centre/term-insurance/non-working-spouse-term-insurance-cover,https://www.iciciprulife.com/term-insurance/limited-pay-option-benefits-for-self-employed.html,https://www.policybazaar.com/term-insurance/term-insurance-for-housewife/
https://www.axismaxlife.com/health-insurance-plans/mediclaim-policy,https://www.hdfclife.com/term-insurance-plans/what-is-term-insurance,https://www.iciciprulife.com/term-insurance/spouse-term-insurance-plan.html,https://www.policybazaar.com/term-insurance/term-insurance-plans-for-self-employed/
https://www.axismaxlife.com/blog/term-insurance/term-insurance-policy-for-diabetics,https://www.hdfclife.com/life-insurance-riders/critical-illness-plus-rider,https://www.iciciprulife.com/term-insurance/how-term-insurance-works.html,https://www.policybazaar.com/life-insurance/term-insurance/articles/spouse-term-insurance-plans-india/
https://www.axismaxlife.com/health-insurance-plans/1-crore-health-insurance,https://www.hdfclife.com/klarifylife/blogs/term-insurance/demo-claim-settlement-ratio,https://www.iciciprulife.com/health-insurance/critical-illnesses.html,https://www.policybazaar.com/life-insurance/term-insurance/articles/term-insurance-vs-traditional-life-insurance-benefits-compared/
https://www.axismaxlife.com/term-insurance-plans/term-insurance-for-women,https://www.hdfclife.com/term-insurance-plans/term-insurance-for-senior-citizens,https://www.iciciprulife.com/term-insurance/what-is-term-insurance.html,https://www.policybazaar.com/life-insurance/term-insurance/articles/compare-term-life-insurance-policies-policybazaar/
https://www.axismaxlife.com/blog/term-insurance/term-insurance-vs-life-insurance,https://www.hdfclife.com/term-insurance-plans/tax-benefits-of-term-insurance,https://www.iciciprulife.com/insurance-claim/claim-settlement-ratio.html,https://www.policybazaar.com/life-insurance/articles/terminal-illness-vs-critical-illness/
https://www.axismaxlife.com/blog/health-insurance/family-floater-health-insurance,https://www.hdfclife.com/health-insurance-plans/family-floater-health-insurance,https://www.iciciprulife.com/blog/term-insurance-blogs/term-life-insurance-for-senior-citizens.html,https://www.policybazaar.com/life-insurance/term-insurance/articles/advantages-and-disadvantages-of-term-insurance-in-india/
https://www.axismaxlife.com/term-insurance-plans/personal-accident-insurance,https://www.hdfclife.com/term-insurance-plans/term-insurance-calculator,https://www.iciciprulife.com/term-insurance/term-insurance-tax-benefits.html,https://www.policybazaar.com/life-insurance/term-insurance/articles/claim-settlement-ratio-of-term-insurance-plans-companies/
https://www.axismaxlife.com/health-insurance-plans/super-top-up-health-insurance,https://www.hdfclife.com/term-insurance-plans/2-crore-term-insurance,https://www.iciciprulife.com/term-insurance-plans/2-crore-term-insurance.html,https://www.policybazaar.com/life-insurance/articles/life-insurance-for-senior-citizens-over-80-years/
https://www.axismaxlife.com/blog/life-insurance/life-insurance-companies-in-india,https://www.hdfclife.com/insurance-knowledge-centre/tax-saving-insurance/gst-and-life-insurance,https://www.iciciprulife.com/insurance-guide/financial-planning-tools-calculators/human-life-value-calculator.html,https://www.policybazaar.com/term-insurance/articles/term-insurance-tax-benefits-under-80d/
https://www.axismaxlife.com/blog/tax-savings/gst-on-insurance,https://www.hdfclife.com/financial-tools-calculators/human-life-value-calculator,https://www.iciciprulife.com/term-insurance-plans/buy-1-crore-term-insurance.html,https://www.policybazaar.com/health-insurance/family-floater-health-insurance/articles/family-floater-plans-a-quick-overview/
https://www.axismaxlife.com/blog/life-insurance/difference-between-life-insurance-and-health-insurance,https://www.hdfclife.com/insurance-knowledge-centre/term-insurance/what-is-joint-life-term-insurance-policy,https://www.iciciprulife.com/term-insurance/term-insurance-for-nri.html,https://www.policybazaar.com/life-insurance/term-insurance-calculator/
https://www.axismaxlife.com/blog/health-insurance/cashless-mediclaim-policy,https://www.hdfclife.com/term-insurance-plans/1-crore-term-insurance,https://www.iciciprulife.com/,https://www.policybazaar.com/health-insurance/individual-health-insurance/articles/mediclaim-vs-health-insurance/
https://www.axismaxlife.com/blog/health-insurance/portability-in-health-insurance,https://www.hdfclife.com/term-insurance-plans/term-insurance-for-nri,https://www.iciciprulife.com/health-insurance/how-to-choose-the-best-health-insurance.html,https://www.policybazaar.com/life-insurance/term-insurance/2-crore-term-insurance/
https://www.axismaxlife.com/term-insurance-plans/critical-illness-disability-secure-rider,https://www.hdfclife.com/life-insurance-riders/group-illness-rider,https://www.iciciprulife.com/blog/term-insurance-blogs/reasons-to-consider-a-term-plan-with-return-of-premium.html,https://www.policybazaar.com/term-insurance/gst-on-term-insurance/
https://www.axismaxlife.com/health-insurance-plans/5-lakh-health-insurance,https://www.hdfclife.com/life-insurance-plans/life-insurance-calculator,https://www.iciciprulife.com/term-insurance-plans/return-of-premium-term-plan.html,https://www.policybazaar.com/term-insurance/human-life-value-calculator/
https://www.axismaxlife.com/health-insurance-plans/mediclaim-policy-for-senior-citizens,https://www.hdfclife.com/term-insurance-plans/term-with-return-of-premium-plan,https://www.iciciprulife.com/life-insurance/life-insurance-for-women.html,https://www.policybazaar.com/life-insurance/articles/life-insurance-for-senior-citizens-over-60-years/
https://www.axismaxlife.com/blog/health-insurance/what-is-deductible-in-insurance-policy,https://www.hdfclife.com/term-insurance-plans/term-insurance-comparison,https://www.iciciprulife.com/term-insurance/term-life-insurance-for-diabetics.html,https://www.policybazaar.com/life-insurance/life-insurance-calculator/
https://www.axismaxlife.com/blog/life-insurance/importance-of-insurance,https://www.hdfclife.com/klarifylife/blogs/term-insurance/demo-term-insurance-vs-life-insurance,https://www.iciciprulife.com/health-insurance/health-insurance-plans.html,https://www.policybazaar.com/life-insurance/term-insurance/term-insurance-for-nri-in-india/
https://www.axismaxlife.com/blog/term-insurance/terminal-illness-vs-critical-illness,https://www.hdfclife.com/financial-tools-calculators,https://www.iciciprulife.com/life-insurance/types-of-life-insurance.html,https://www.policybazaar.com/health-insurance/individual-health-insurance/articles/best-health-insurance-plans-in-india/
https://www.axismaxlife.com/blog/health-insurance/types-of-health-insurance,https://www.hdfclife.com/term-insurance-plans/increasing-term-insurance,https://www.icicilombard.com/health-insurance/health-insurance-premium-calculator,https://www.policybazaar.com/term-insurance/articles/what-are-the-different-types-of-insurance/
https://www.axismaxlife.com/blog/health-insurance/co-pay-in-health-insurance,https://www.hdfclife.com/term-insurance-plans/term-insurance-for-diabetics,https://www.iciciprulife.com/term-insurance/term-insurance-for-fathers.html,https://www.policybazaar.com/life-insurance/articles/what-is-life-insurance-premium/
https://www.axismaxlife.com/health-insurance-plans/what-is-health-insurance,https://www.hdfclife.com/klarifylife/term-insurance/explorer/i-am-diabetic-can-i-get-term-insurance,https://www.iciciprulife.com/health-insurance/icici-pru-wish.html,https://www.policybazaar.com/life-insurance/term-insurance-return-of-premium/
https://www.axismaxlife.com/term-insurance-plans/1-crore-term-insurance,https://www.hdfclife.com/health-insurance-plans/10-lakh-health-insurance,https://www.iciciprulife.com/campaigns/icici-pru-heart-cancer-health-insurance-calculator-with-buying-options.html#/basic-details,https://www.policybazaar.com/health-insurance/health-insurance-premium-calculator/
https://www.axismaxlife.com/health-insurance-plans/difference-between-mediclaim-and-health-insurance,https://www.hdfclife.com/term-insurance-plans/term-insurance-for-parents,https://www.iciciprulife.com/blog/term-insurance-blogs/level-term-insurance.html,https://www.policybazaar.com/life-insurance/term-insurance/articles/increasing-term-insurance/
https://www.axismaxlife.com/nri-plans/nri-term-plans,https://www.hdfclife.com/health-insurance-plans/1-crore-health-insurance,https://www.iciciprulife.com/term-insurance/whole-life-insurance.html,https://www.policybazaar.com/life-insurance/life-insurance-for-women/
https://www.axismaxlife.com/blog/health-insurance/parents,https://www.hdfclife.com/health-insurance-plans/5-lakh-health-insurance,https://www.iciciprulife.com/protection-saving-plans/group-non-linked-accidental-death-and-disability-rider.html,https://www.policybazaar.com/term-insurance/term-insurance-for-diabetics-in-india/
https://www.axismaxlife.com/blog/term-insurance/term-insurance-without-medical-test,https://www.hdfclife.com/health-insurance-plans/types-of-health-insurance,https://www.icici.bank.in/personal-banking/blogs/insurance/life-insurance/what-is-personal-accident-insurance-scheme,https://www.policybazaar.com/health-insurance/general-info/articles/common-inclusions-of-health-insurance/
https://www.axismaxlife.com/health-insurance-plans/what-is-mediclaim,https://www.hdfclife.com/term-insurance-plans/whole-life-insurance,https://www.iciciprulife.com/life-insurance/difference-between-life-insurance-and-health-insurance.html,https://www.policybazaar.com/life-insurance/articles/types-of-life-insurance/
https://www.axismaxlife.com/blog/term-insurance/frequently-asked-questions-about-a-term-insurance-plan,https://www.hdfclife.com/term-insurance-plans/personal-accident-insurance,https://www.iciciprulife.com/health-insurance/cancer-insurance.html,https://www.policybazaar.com/life-insurance/term-insurance/articles/term-insurance-critical-illness-riders/
https://www.axismaxlife.com/term-insurance-plans/term-insurance-for-senior-citizens,https://www.hdfclife.com/insurance-knowledge-centre/secure-your-health/cancer-insurance-vs-critical-illness,https://www.iciciprulife.com/customer-support/policy-related.html,https://www.policybazaar.com/health-insurance/articles/is-10-lakh-health-insurance-enough-in-your-city/
https://www.axismaxlife.com/insurance-calculators/human-life-value-calculator,https://www.hdfclife.com/health-insurance-plans/health-insurance-portability,https://www.iciciprulife.com/customer-support/premium-related.html,https://www.policybazaar.com/health-insurance/family-floater-health-insurance/articles/cost-of-10-lakh-health-insurance-for-family/
https://www.axismaxlife.com/term-insurance-plans/term-insurance-for-heart-patients,https://www.hdfclife.com/life-insurance-plans/importance-of-life-insurance,https://www.iciciprulife.com/life-insurance/life-insurance-importance.html,https://www.policybazaar.com/life-insurance/term-insurance/term-insurance-plan-for-parents/
https://www.axismaxlife.com/blog/tax-savings/section-80d,https://www.hdfclife.com/life-insurance-plans/benefits-of-life-insurance,https://www.iciciprulife.com/protection-saving-plans/non-linked-accidental-death-benefit-rider.html,https://www.policybazaar.com/health-insurance/filter/health-insurance+1-cr-sum-insured/
https://www.axismaxlife.com/blog/life-insurance/different-types-of-life-insurance-explained,https://www.hdfclife.com/term-insurance-plans/claim-settlement-ratio,https://www.icicilombard.com/health-insurance/personal-accident-insurance,https://www.policybazaar.com/health-insurance/filter/health-insurance+5-lakh-sum-insured/
https://www.axismaxlife.com/blog/tax-savings/gst-on-health-insurance,https://www.hdfclife.com/health-insurance-plans/best-health-insurance-company-in-india,https://www.iciciprulife.com/insurance-library/insurance-basics/benefits-of-life-insurance.html,https://www.policybazaar.com/life-insurance/articles/whole-life-insurance-advantages-and-disadvantages/
https://www.axismaxlife.com/blog/health-insurance/importance-of-health-insurance,https://www.hdfclife.com/health-insurance-plans/maternity-health-insurance,https://www.iciciprulife.com/health-insurance/compare-health-insurance.html,https://www.policybazaar.com/health-insurance/personal-accident-insurance/
https://www.axismaxlife.com/blog/term-insurance/what-is-term-insurance,https://www.hdfclife.com/health-insurance-plans/health-insurance-for-parents,https://www.iciciprulife.com/health-insurance/maternity-insurance-plans.html,https://www.policybazaar.com/insurance-companies/life-insurance-companies-in-india/
https://www.axismaxlife.com/blog/life-insurance/benefits-of-life-insurance,https://www.hdfclife.com/health-insurance-plans/health-insurance-for-senior-citizens,https://www.icicilombard.com/health-insurance,https://www.policybazaar.com/health-insurance/articles/life-insurance-vs-health-insurance-know-the-difference/
https://www.axismaxlife.com/blog/term-insurance/tax-benefits-of-term-insurance,https://www.hdfclife.com/health-insurance-plans/cashless-health-insurance,https://www.iciciprulife.com/health-insurance/health-insurance-benefits.html,https://www.policybazaar.com/health-insurance/cancer-insurance/
https://www.axismaxlife.com/blog/life-insurance/what-is-insurance-coverage,https://www.hdfclife.com/health-insurance-plans/compare-health-insurance-plans,https://www.iciciprulife.com/life-insurance/difference-between-life-insurance-and-general-insurance.html,https://www.policybazaar.com/health-insurance/portability/
https://www.axismaxlife.com/blog/life-insurance/what-is-life-insurance,https://www.hdfclife.com/insurance-knowledge-centre/about-life-insurance/differences-between-life-and-general-insurance,https://www.iciciprulife.com/gstin.html,https://www.policybazaar.com/health-insurance/gst-on-health-insurance-premium/
https://www.axismaxlife.com/blog/life-insurance/life-insurance-vs-general-insurance,https://www.hdfclife.com/insurance-knowledge-centre/about-life-insurance/difference-between-life-and-health-insurance,https://www.iciciprulife.com/health-insurance/health-insurance-tax-benefits.html,https://www.policybazaar.com/life-insurance/articles/importance-of-life-insurance/
https://www.axismaxlife.com/blog/term-insurance/what-is-insurance,https://www.hdfclife.com/insurance-knowledge-centre/tax-saving-insurance/section80d-deductions,https://www.iciciprulife.com/health-insurance/waiting-period-in-health-insurance.html,https://www.policybazaar.com/life-insurance/life-insurance-with-health-benefits/
https://www.axismaxlife.com/blog/life-insurance/types-of-insurance,https://www.hdfclife.com/health-insurance-plans/what-is-health-insurance,https://www.iciciprulife.com/insurance-library/income-tax/what-is-section-80d-of-income-tax-act.html,https://www.policybazaar.com/life-insurance/articles/benefits-of-life-insurance/
https://www.axismaxlife.com/blog/term-insurance/what-are-principles-of-insurance,https://www.hdfclife.com/health-insurance-plans/health-insurance-for-nri,https://www.iciciprulife.com/life-insurance/accidental-death-benefit-rider.html,https://www.policybazaar.com/health-insurance/claim-settlement-ratio/
https://www.axismaxlife.com/investment-plans/ppf-calculator,https://www.hdfclife.com/health-insurance-plans/health-insurance-in-kerala,https://www.icicilombard.com/health-insurance/senior-citizen-health-insurance,https://www.policybazaar.com/health-insurance/maternity/
https://www.axismaxlife.com/investment-plans/rd-calculator,https://www.hdfclife.com/health-insurance-plans/waiting-period-in-health-insurance,https://www.iciciprulife.com/blog/term-insurance-blogs/term-insurance-for-home-loan.html,https://www.policybazaar.com/health-insurance/senior-citizen-health-insurance/
https://www.axismaxlife.com/blog/investments/ppf-interest-rates,https://www.hdfclife.com/health-insurance-plans/50-lakh-health-insurance,https://www.icicilombard.com/blogs/health-insurance/mb/difference-between-copayment-and-deductible,https://www.policybazaar.com/health-insurance/cashless-everywhere/
https://www.axismaxlife.com/fd-calculator,https://www.hdfclife.com/life-insurance-plans/importance-of-accidental-death-cover-and-extra-life-cover,https://www.iciciprulife.com/investment-options/long-term-investment-plans.html,https://www.policybazaar.com/health-insurance/critical-illness-insurance/articles/what-is-critical-illness-cover-features-benefits-and-claim-process/
https://www.axismaxlife.com/blog/retirement-planning/senior-citizen-savings-scheme,https://www.hdfclife.com/insurance-knowledge-centre/about-life-insurance/what-is-life-insurance,https://www.iciciprulife.com/investments.html,https://www.policybazaar.com/life-insurance/articles/difference-between-life-insurance-and-general-insurance/
https://www.axismaxlife.com/blog/investments/what-is-ppf,https://www.hdfclife.com/klarifylife/blogs/life-insurance/life-or-health-insurance--what-to-choose,https://www.iciciprulife.com/retirement-pension-plans/annuity-planning.html,https://www.policybazaar.com/health-insurance/news/no-gst-on-health-insurance/
https://www.axismaxlife.com/investment-plans/endowment-plan,https://www.hdfclife.com/insurance-knowledge-centre/secure-your-health/senior-citizen-health-insurance-vs-regular-health-plan,https://www.iciciprulife.com/child-insurance/best-child-education-plan.html,https://www.policybazaar.com/health-insurance/general-info/articles/gst-refund-on-health-insurance-for-nris/
https://www.axismaxlife.com/investment-plans/ulip-plans,https://www.hdfclife.com/health-insurance-plans/super-top-up-health-insurance,https://www.iciciprulife.com/investment-options/monthly-investment-plans.html,https://www.policybazaar.com/lic-of-india/articles/gst-rate-for-lic-policies/
https://www.axismaxlife.com/investment-plans/investment-calculator,https://www.hdfclife.com/insurance-knowledge-centre/term-insurance/how-term-insurance-covers-home-loan-risks,https://www.iciciprulife.com/investments/one-time-investment.html,https://www.policybazaar.com/health-insurance/individual-health-insurance/articles/health-insurance-do-i-qualify/
https://www.axismaxlife.com/investment-plans,https://www.hdfclife.com/investment-plans/short-term-investment-options,https://www.iciciprulife.com/blog/saving-blogs/post-office-monthly-income-scheme.html,https://www.policybazaar.com/commercial-insurance/group-health-insurance/claim-settlement-ratio/
https://www.axismaxlife.com/pension-plans,https://www.hdfclife.com/insurance-knowledge-centre/investment-for-future-planning/types-of-investments,https://www.iciciprulife.com/investments/investment-plans.html,https://www.policybazaar.com/health-insurance/general-info/articles/deductibles-in-health-insurance/
https://www.axismaxlife.com/blog/investments/how-to-invest-in-gold,https://www.hdfclife.com/retirement-and-pension-plans/annuity-planning,https://www.iciciprulife.com/insurance-library/ulips/what-are-ulips.html,https://www.policybazaar.com/health-insurance/expats/
https://www.axismaxlife.com/pension-plans/pension-calculator,https://www.hdfclife.com/children-insurance-plans,https://www.iciciprulife.com/insurance-library/ulips/benefits-of-ulips.html,https://www.policybazaar.com/health-insurance/parents/
https://www.axismaxlife.com/investment-plans/ulip-calculator,https://www.hdfclife.com/investment-plans/best-investment-plan-for-monthly-income,https://www.iciciprulife.com/insurance-library/ulips/ulips-charge-structure.html,https://www.policybazaar.com/health-insurance/kerala/
https://www.axismaxlife.com/blog/retirement-planning/what-is-annuity,https://www.hdfclife.com/investment-plans/lumpsum-calculator,https://www.iciciprulife.com/blog/investment-blogs/investment-plans-in-india-for-middle-class.html,https://www.policybazaar.com/health-insurance/general-info/articles/are-there-health-insurance-plans-with-no-waiting-period/
https://www.axismaxlife.com/retirement-plans/guaranteed-lifetime-income-plan,https://www.hdfclife.com/savings-plans/monthly-income-schemes,https://www.iciciprulife.com/insurance-library/ulips/how-to-choose-the-best-ulip-plan.html,https://www.policybazaar.com/health-insurance/section80d-deductions/
https://www.axismaxlife.com/blog/investments/what-is-ulip,https://www.hdfclife.com/investment-plans/best-investment-plan-for-1-year,https://www.iciciprulife.com/tools-and-calculators.html,https://www.policybazaar.com/health-insurance/articles/which-is-better-health-or-term-insurance/
https://www.axismaxlife.com/blog/investments/monthly-income-schemes,https://www.hdfclife.com/ulip-plans/what-is-ulip,https://www.iciciprulife.com/ulip-plans/online-ulip-returns-calculator.html,https://www.policybazaar.com/health-insurance/opd-cover/
https://www.axismaxlife.com/blog/investments/what-is-investment,https://www.hdfclife.com/insurance-knowledge-centre/ulip-guide/ulip-charges-fees-beginners-guide,https://www.iciciprulife.com/insurance-guide/financial-planning-tools-calculators/power-compounding-calculator.html,https://www.policybazaar.com/health-insurance/what-is-health-insurance/
https://www.axismaxlife.com/investment-plans/ulip-plans/wealth-investment-plan,https://www.hdfclife.com/ulip-plans/ulip-advantages-and-disadvantages,https://www.iciciprulife.com/term-insurance.html,https://www.policybazaar.com/life-insurance/term-insurance/articles/types-of-deaths-covered-and-not-covered-by-term-insurance/
https://www.axismaxlife.com/insurance-calculators/retirement-planning-calculator,https://www.hdfclife.com/investment-plans,https://www.iciciprulife.com/investments/types-of-investment.html,https://www.policybazaar.com/life-insurance/articles/what-is-life-insurance-all-the-basic-facts-you-need-to-know/
https://www.axismaxlife.com/blog/life-insurance/what-is-endowment-plan,https://www.hdfclife.com/insurance-knowledge-centre/about-life-insurance/how-to-choose-best-ulip-plan-india,https://www.iciciprulife.com/retirement-pension-plans/pension-funds.html,https://www.policybazaar.com/health-insurance/articles/can-you-get-maternity-insurance-if-already-pregnant/
https://www.axismaxlife.com/investment-plans/roi-calculator,https://www.hdfclife.com/ulip-plans,https://www.icici.bank.in/personal-banking/investments/ppf/ppf-calculator,https://www.policybazaar.com/health-insurance/super-top-up/
https://www.axismaxlife.com/blog/retirement-planning/retirement-age-in-india,https://www.hdfc.bank.in/public-provident-fund,https://www.iciciprulife.com/protection-saving-plans.html,https://www.policybazaar.com/life-insurance/term-insurance/articles/why-is-term-insurance-right/
https://www.axismaxlife.com/blog/investments/gold-sip-investment,https://www.hdfclife.com/financial-tools-calculators/ppf-calculator,https://www.iciciprulife.com/retirement-pension-plans/deferred-annuity.html,https://www.policybazaar.com/health-insurance/top-up/
https://www.axismaxlife.com/blog/investments/one-time-investment-plans,https://www.hdfclife.com/ulip-plans/ulip-calculator,https://www.iciciprulife.com/money-back-endowment-plans/types-of-endowment-policy.html,https://www.policybazaar.com/health-insurance/general-info/articles/waiting-period-in-health-insurance/
https://www.axismaxlife.com/hindi/investment-plans,https://www.hdfc.bank.in/public-provident-fund/ppf-calculator,https://www.iciciprulife.com/retirement-pension-plans/is-pension-taxable.html,https://www.policybazaar.com/health-insurance/general-info/articles/the-concept-of-co-pay-and-voluntary-deductions-in-health-insurance/
https://www.axismaxlife.com/blog/retirement-planning/annuity-table,https://www.hdfclife.com/insurance-knowledge-centre/investment-for-future-planning/what-is-investment,https://www.icici.bank.in/personal-banking/deposits/recurring-deposits/rd-calculator,https://www.policybazaar.com/life-insurance/articles/how-does-life-insurance-work/
https://www.axismaxlife.com/hindi/investment-plans/savings-and-income-plans,https://www.hdfclife.com/insurance-knowledge-centre/retirement-planning/types-of-pension-plans,https://www.iciciprulife.com/ulip-plans/ulips-taxation.html,https://www.policybazaar.com/life-insurance/investment-plans/
https://www.axismaxlife.com/investment-plans/gold-rate-today,https://www.hdfclife.com/retirement-and-pension-plans/annuity-table,https://www.iciciprulife.com/ulip-plans/ulip-lock-in-period.html,https://www.policybazaar.com/compound-interest-calculator/
https://www.axismaxlife.com/investment-plans/investment-plans-for-15-years,https://www.hdfclife.com/financial-tools-calculators/compound-interest-calculator,https://www.iciciprulife.com/protection-saving-plans/monthly-income-schemes.html,https://www.policybazaar.com/life-insurance/pension-plans/annuity/
https://www.axismaxlife.com/blog/retirement-planning/annuity-due,https://www.hdfclife.com/retirement-and-pension-plans/deferred-annuity,https://www.iciciprulife.com/money-back-endowment-plans/what-is-endowment-meaning.html,https://www.policybazaar.com/child-plans/articles/child-plan-for-education-and-marriage/
https://www.axismaxlife.com/blog/retirement-planning/what-is-a-family-pension,https://www.hdfclife.com/investment-plans/endowment-policy,https://www.iciciprulife.com/retirement-pension-plans/pension-calculator.html,https://www.policybazaar.com/life-insurance/investment-plans/articles/investment-plans-for-monthly-returns/
https://www.axismaxlife.com/investment-plans/monthly-income-advantage-plan,https://www.hdfclife.com/insurance-knowledge-centre/retirement-planning/income-tax-on-pension-are-they-taxable,https://www.iciciprulife.com/investments/pf.html,https://www.policybazaar.com/investment-plans/articles/lumpsum-investment/
https://www.axismaxlife.com/child-insurance-plans,https://www.hdfc.bank.in/recurring-deposit/rd-calculator,https://www.iciciprulife.com/retirement-pension-plans/features-of-annuity.html,https://www.policybazaar.com/life-insurance/monthly-income-plans/
https://www.axismaxlife.com/blog/investments/short-term-investment-plans,https://www.hdfclife.com/ulip-plans/ulip-taxation,https://www.iciciprulife.com/child-insurance/children-savings-plan.html,https://www.policybazaar.com/life-insurance/ulip-plans/
https://www.axismaxlife.com/calculators/lumpsum-calculator,https://www.hdfclife.com/ulip-plans/taxability-of-ulip-on-surrender,https://www.iciciprulife.com/retirement-pension-plans/immediate-annuity.html,https://www.policybazaar.com/life-insurance/ulip-plans/ulip-charges/fund-management-charges/
https://www.axismaxlife.com/blog/investments/how-to-save-tax-with-ulips,https://www.hdfclife.com/insurance-knowledge-centre/about-life-insurance/ulips-minimum-lock-in-period-and-its-benefits,https://www.iciciprulife.com/retirement-pension-plans.html,https://www.policybazaar.com/corporate-insurance/articles/top-low-investment-business-ideas-with-high-profit/
https://www.axismaxlife.com/investment-plans/savings-advantage-plan,https://www.hdfclife.com/retirement-and-pension-plans,https://www.iciciprulife.com/child-insurance/one-time-investment-plan-for-child.html,https://www.policybazaar.com/life-insurance/child-plans/
https://www.axismaxlife.com/investment-plans/ulip-plans/child-investment-plan,https://www.hdfclife.com/insurance-knowledge-centre/term-insurance/difference-between-term-and-endowment-insurance,https://www.iciciprulife.com/protection-saving-plans/savings-plans-in-India.html,https://www.policybazaar.com/endowment-policy/
https://www.axismaxlife.com/blog/investments/ulip-charges,https://www.hdfclife.com/retirement-and-pension-plans/pension-calculator,https://www.iciciprulife.com/ulip-plans/mortality-charges-in-ulip.html,https://www.policybazaar.com/life-insurance/ulip-plans/what-is-ulip/
https://www.axismaxlife.com/investment-plans/tax-saving-investments,https://www.hdfclife.com/insurance-knowledge-centre/ulip-guide/ulip-maturity-proceeds-taxed,https://www.iciciprulife.com/protection-saving-plans/buy-icici-pru-gold.html,https://www.policybazaar.com/income-tax/post-office-ppf-calculator/
https://www.axismaxlife.com/calculators,https://www.hdfclife.com/savings-plans,https://www.iciciprulife.com/investments/difference-between-investment-and-insurance.html,https://www.policybazaar.com/life-insurance/ulip-plans/ulip-calculator/
https://www.axismaxlife.com/blog/investments/nps-national-pension-scheme,https://www.hdfclife.com/retirement-and-pension-plans/annuity-due,https://www.iciciprulife.com/insurance-library/insurance-basics/what-is-annuity.html,https://www.policybazaar.com/financial-tools-calculators/investment-calculator/
https://www.axismaxlife.com/investment-plans/investment-plans-for-5-years,https://www.hdfclife.com/investment-plans/best-child-investment-plan,https://www.iciciprulife.com/retirement-pension-plans/guaranteed-pension-plan-calculator.html,https://www.policybazaar.com/life-insurance/pension-plans/articles/top-15-pension-plans-in-india/
https://www.axismaxlife.com/pension-plans/annuity-plans/deferred-annuity,https://www.hdfclife.com/insurance-knowledge-centre/investment-for-future-planning/safest-investment-options-in-india,https://www.iciciprulife.com/insurance-plans/view-all-insurance-plans.html,https://www.policybazaar.com/life-insurance/pension-plans/articles/present-value-of-annuity/
https://www.axismaxlife.com/blog/investments/ulip-lock-in-period,https://www.hdfclife.com/investment-plans/one-time-investment-plans,https://www.iciciprulife.com/retirement-pension-plans/types-of-annuities.html,https://www.policybazaar.com/sip/sip-calculator/
https://www.axismaxlife.com/blog/retirement-planning/types-of-annuities,https://www.hdfclife.com/retirement-and-pension-plans/immediate-annuity-plan,https://www.iciciprulife.com/amp/retirement-pension-plans/immediate-annuity-retirement-plan2.html,https://www.policybazaar.com/life-insurance/investment-plans/icici-ppf-account/
https://www.axismaxlife.com/,https://www.hdfclife.com/children-insurance-plans/best-one-time-investment-plan-for-child,https://www.iciciprulife.com/protection-saving-plans/icici-pru-gold.html,https://www.policybazaar.com/life-insurance/investment-plans/indian-bank-ppf-account/
https://www.axismaxlife.com/investment-plans/investment-plans-for-10-years,https://www.hdfclife.com/savings-plans/senior-citizen-saving-scheme-scss,https://www.iciciprulife.com/ulip-plans/ulip-advantages-and-disadvantages.html,https://www.policybazaar.com/life-insurance/investment-plans/articles/what-do-you-mean-by-investment/
https://www.axismaxlife.com/blog/investments/roi-return-of-investment,https://www.hdfclife.com/insurance-knowledge-centre/ulip-guide/ulip-withdrawals,https://www.iciciprulife.com/fund-performance/read-investment-philosophy.html,https://www.policybazaar.com/life-insurance/pension-plans/articles/deferred-annuity/
https://www.axismaxlife.com/blog/retirement-planning/is-pension-taxable,https://www.hdfclife.com/insurance-knowledge-centre/ulip-guide/mortality-charges-in-ulip,https://www.iciciprulife.com/retirement-pension-plans/guaranteed-pension-plan.html,https://www.policybazaar.com/financial-tools-calculators/rd-calculator/
https://www.axismaxlife.com/pension-plans/annuity-plans,https://www.hdfclife.com/insurance-knowledge-centre/investment-for-future-planning/how-to-invest-in-gold-through-sip,https://www.icici.bank.in/personal-banking/deposits/fixed-deposit/fd-calculator,https://www.policybazaar.com/life-insurance/ulip-plans/articles/taxability-of-ulip-on-surrender/
https://www.axismaxlife.com/investment-plans/investment-plans-for-1-year,https://www.hdfclife.com/fund-performance,https://www.iciciprulife.com/insurance-guide/financial-planning-tools-calculators/retirement-planning-calculator.html,https://www.policybazaar.com/life-insurance/ulip-plans/articles/things-to-know-about-tax-benefits-of-ulips/
https://www.axismaxlife.com/investment-plans/gold-investment-in-india,https://www.hdfclife.com/savings-plans/difference-between-saving-and-investing,https://www.iciciprulife.com/retirement-pension-plans/how-much-money-do-i-need-to-retire.html,https://www.policybazaar.com/life-insurance/investment-plans/articles/monthly-income-plan-a-quick-guide/
https://www.axismaxlife.com/blog/retirement-planning/how-much-money-you-need-post-retirement,https://www.hdfclife.com/savings-plans/savings-calculator,https://www.iciciprulife.com/,https://www.policybazaar.com/life-insurance/investment-plans/articles/post-office-rd-calculator/
https://www.axismaxlife.com/blog/investments/safe-investment-options-for-high-returns-india,https://www.hdfclife.com/retirement-and-pension-plans/annuity-calculator,https://www.iciciprulife.com/investments/importance-of-investing.html,https://www.policybazaar.com/life-insurance/investment-plans/articles/safe-investment-with-high-returns/
https://www.axismaxlife.com/static-page/assets/homepage/max_life_online_savings_plan_mortality_table_v04_4f71d321ee.pdf,https://www.hdfclife.com/retirement-and-pension-plans/what-is-annuity-and-types,https://www.iciciprulife.com/investments/guaranteed-returns-with-investment-plans.html,https://www.policybazaar.com/life-insurance/investment-plans/articles/where-to-invest-money/
https://www.axismaxlife.com/calculators/nps-calculator,https://www.hdfclife.com/retirement-and-pension-plans/present-value-of-annuity,https://www.iciciprulife.com/retirement-pension-plans/national-pension-scheme-nps.html,https://www.policybazaar.com/life-insurance/pension-plans/pension-calculator/
https://www.axismaxlife.com/blog/retirement-planning/business-ideas-after-retirement,https://www.hdfclife.com/retirement-and-pension-plans/life-annuity,https://www.iciciprulife.com/investments/nri-investment-plans-in-india.html,https://www.policybazaar.com/investment-plans/articles/sbi-short-term-investment-plan/
https://www.axismaxlife.com/blog/retirement-planning/choose-right-pension-plan,https://www.hdfclife.com/insurance-knowledge-centre/investment-for-future-planning/investment-in-gold-viability-and-liquidity,https://www.iciciprulife.com/retirement-pension-plans/benefits-of-retirement-planning.html,https://www.policybazaar.com/life-insurance/investment-plans/articles/what-is-investment/
https://www.axismaxlife.com/investment-plans/smart-fd-plan,https://www.hdfclife.com/savings-plans/gold-saving-scheme,https://www.iciciprulife.com/fund-performance/all-products-fund-performance-details.html,https://www.policybazaar.com/life-insurance/investment-plans/articles/top-10-savings-plans/
https://www.axismaxlife.com/nri-plans/nri-investment-plans,https://www.hdfclife.com/insurance-knowledge-centre/investment-for-future-planning/top10-investment-options-in-india,https://www.iciciprulife.com/protection-saving-plans/guaranteed-return-plan.html,https://www.policybazaar.com/life-insurance/investment-plans/articles/post-office-ppf-account/
https://www.axismaxlife.com/blog/investments/types-of-sip,https://www.hdfclife.com/insurance-knowledge-centre/ulip-guide/fixed-income-investment-options-that-offer-guaranteed-returns,https://www.iciciprulife.com/investments/tax-free-investments.html,https://www.policybazaar.com/life-insurance/pension-plans/articles/annuity-due/
https://www.axismaxlife.com/blog/investments/difference-between-savings-and-investment-plan,https://www.hdfclife.com/investment-plan,https://www.iciciprulife.com/investment-options/best-tax-saving-investment-plan.html,https://www.policybazaar.com/life-insurance/savings-plan/
https://www.axismaxlife.com/blog/investments/features-and-benefits-of-max-life-guaranteed-income-plan,https://www.hdfclife.com/insurance-knowledge-centre/retirement-planning/what-is-family-pension,https://www.iciciprulife.com/retirement-pension-plans/what-is-pension-plan.html,https://www.policybazaar.com/life-insurance/investment-plans/articles/best-single-premium-plans/
https://www.axismaxlife.com/investment-plans/investment-plans-for-3-years,https://www.hdfclife.com/investment-plans/fixed-deposit/fd-calculator,https://www.iciciprulife.com/retirement-pension-plans/types-of-retirement-plans.html,https://www.policybazaar.com/life-insurance/pension-plans/
,https://www.hdfclife.com/investment-plans/gold-investment-plan,https://www.iciciprulife.com/ulip-plans/ulip-tax-benefits.html,https://www.policybazaar.com/life-insurance/child-plans/articles/mutual-fund-child-plan/
,https://www.hdfclife.com/retirement-and-pension-plans/retirement-calculator,https://www.iciciprulife.com/ulip-plans/ulip-nav.html,https://www.policybazaar.com/investment-plans/articles/invest-25-lakhs-for-monthly-income/
,https://www.hdfclife.com/investment-plans/financial-planning/factors-affecting-financial-planning,,https://www.policybazaar.com/fd-interest-rates/fd-calculator/
,https://www.hdfclife.com/retirement-and-pension-plans/is-nps-a-good-investment,,https://www.policybazaar.com/financial-tools-calculators/roi-calculator/
,https://www.hdfclife.com/investment-plans/investment-calculator,,https://www.policybazaar.com/life-insurance/ulip-plans/articles/mortality-charges/
,https://www.hdfclife.com/investment-plans/long-term-investment-options,,https://www.policybazaar.com/life-insurance/investment-plans/articles/senior-citizen-saving-scheme-scss/
,https://www.hdfclife.com/investment-plans/nri-investment-plans,,https://www.policybazaar.com/life-insurance/investment-plans/articles/3-best-ways-to-invest-in-gold/
,https://www.hdfclife.com/retirement-and-pension-plans/what-is-pension-plan,,https://www.policybazaar.com/life-insurance/investment-plans/articles/post-office-senior-citizen-saving-scheme/
,https://www.hdfclife.com/retirement-and-pension-plans/retirement-age-in-india,,https://www.policybazaar.com/hi-in/income-tax/ppf-account-in-hindi/
,https://www.hdfclife.com/retirement-and-pension-plans/benefits-of-retirement-planning,,https://www.policybazaar.com/investment-plans/articles/difference-between-savings-and-investment-plan/
,https://www.hdfclife.com/investment-plans/investment-ideas-for-beginners,,https://www.policybazaar.com/financial-tools-calculators/regular-savings-calculator/
,https://www.hdfclife.com/investment-plans/types-of-endowment-policy,,https://www.policybazaar.com/life-insurance/investment-plans/articles/one-time-investment-plans/
,https://www.hdfclife.com/retirement-and-pension-plans/senior-citizen-pension-scheme,,https://www.policybazaar.com/life-insurance/pension-plans/articles/what-is-annuity-meaning-and-definition/
,https://www.hdfclife.com/nav-summary,,https://www.policybazaar.com/en-us/pension-plans/articles/immediate-annuity-plan-calculator/
,https://www.hdfclife.com/insurance-knowledge-centre/investment-for-future-planning/tax-free-income-and-investment-options,,https://www.policybazaar.com/fd-interest-rates/state-bank-of-india-fd-rates/annuity-deposit-scheme/
,https://www.hdfclife.com/retirement-and-pension-plans/retirement-planning,,https://www.policybazaar.com/life-insurance/pension-plans/articles/sbi-annuity-deposit-scheme-calculator/
,https://www.hdfclife.com/retirement-and-pension-plans/types-of-annuities,,https://www.policybazaar.com/gold-rate/
,https://www.hdfclife.com/retirement-and-pension-plans/annuity-factor,,https://www.policybazaar.com/gold-rate/articles/why-investing-in-gold-a-good-idea/
,,,https://www.policybazaar.com/life-insurance/pension-plans/articles/annuity-method/
,,,https://www.policybazaar.com/life-insurance/pension-plans/articles/immediate-annuity-plan/
,,,https://www.policybazaar.com/hi-in/life-insurance/investment/
,,,https://www.policybazaar.com/life-insurance/child-plans/articles/top-child-investment-plans-in-india/
,,,https://www.policybazaar.com/investment-plans/government-schemes/
,,,https://www.policybazaar.com/income-tax/tax-saving-investments/
,,,https://www.policybazaar.com/sip/daily-sip/
,,,https://www.policybazaar.com/income-tax/taxation-on-pension/
,,,https://www.policybazaar.com/insights/surrender-endowment-policy-for-term-plan/
,,,https://www.policybazaar.com/investment-plans/articles/gold-investment/
,,,https://www.policybazaar.com/life-insurance/pension-plans/articles/family-pension-scheme/
,,,https://www.policybazaar.com/investment-plans/articles/importance-of-investment/
,,,https://www.policybazaar.com/fd-interest-rates/monthly-payout-fd-calculator/
,,,https://www.policybazaar.com/investment-plans/articles/investment-horizon/
,,,https://www.policybazaar.com/investment-plans/articles/ways-to-invest-for-beginners-from-scratch/
,,,https://www.policybazaar.com/life-insurance/investment-plans/articles/best-ways-to-invest-in-gold-in-india/
,,,https://www.policybazaar.com/silver-rate/articles/should-you-invest-in-silver-or-gold/
,,,https://www.policybazaar.com/life-insurance/investment-plans/10-percent-return-on-investment/
,,,https://www.policybazaar.com/silver-rate/articles/10-rules-for-silver-investment-in-india/
,,,https://www.policybazaar.com/life-insurance/investment-plans/articles/best-investment-plans-for-fixed-income/
,,,https://www.policybazaar.com/life-insurance/investment-plans/articles/types-of-investments-in-india/
,,,https://www.policybazaar.com/gold-rate/articles/why-buy-gold-10-reasons-to-invest-in-physical-gold/
,,,https://www.policybazaar.com/life-insurance/pension-plans/articles/pros-and-cons-of-nps/
,,,https://www.policybazaar.com/life-insurance/pension-plans/articles/is-nps-a-good-investment/
,,,https://www.policybazaar.com/life-insurance/investment-plans/nri-investment-plans-in-india/
,,,https://www.policybazaar.com/lumpsum-calculator/
,,,https://www.policybazaar.com/hi-in/investment-plans/pension-calculator/
,,,https://www.policybazaar.com/life-insurance/pension-plans/articles/monthly-pension-scheme-for-senior-citizens/
,,,https://www.policybazaar.com/life-insurance/pension-plans/articles/present-value-of-annuity-calculator/
,,,https://www.policybazaar.com/life-insurance/pension-plans/early-retirement-plan/
,,,https://www.policybazaar.com/life-insurance/pension-plans/retirement-planning/
,,,https://www.policybazaar.com/life-insurance/pension-plans/retirement-calculator/
,,,https://www.policybazaar.com/investment-plans/post-office-senior-citizen-interest-calculator/
,,,https://www.policybazaar.com/life-insurance/investment-plans/short-term-investment-plans-for-3-months/
,,,https://www.policybazaar.com/silver-rate/
,,,https://www.policybazaar.com/life-insurance/pension-plans/articles/types-of-annuities/
,,,https://www.policybazaar.com/life-insurance/ulip-plans/articles/uti-ulip/
,,,https://www.policybazaar.com/life-insurance/pension-plans/what-is-a-pension-plan/
